{
  "trained_at": "2025-10-27T07:27:54.782977",
  "total_appointments": 13,
  "peak_hour_samples": 13,
  "noshow_samples": 13,
  "noshow_rate": 61.53846153846154
}